{
  "x1": 0.8728416147400481,
  "x2": -0.572841614740048,
  "d": 209
}